{"cameraMode":{"drawMode":0,"name":"Shaded","section":"Shading Mode"},"sceneLighting":true,"audioPlay":false,"sceneViewState":{"showFog":true,"showMaterialUpdate":false,"showSkybox":true,"showFlares":true,"showImageEffects":true,"showParticleSystems":true},"in2DMode":false,"pivot":{"x":0.0,"y":1.001308560371399,"z":137.16000366210938},"rotation":{"x":0.15372715890407563,"y":0.6758202910423279,"z":-0.1472274214029312,"w":0.7056622505187988},"size":40.135433197021487,"orthographic":true}