{"cameraMode":{"drawMode":0,"name":"Shaded","section":"Shading Mode"},"sceneLighting":true,"audioPlay":false,"sceneViewState":{"showFog":true,"showMaterialUpdate":false,"showSkybox":true,"showFlares":true,"showImageEffects":true,"showParticleSystems":true},"in2DMode":false,"pivot":{"x":2.8722002506256105,"y":7.3949055671691898,"z":5.45375394821167},"rotation":{"x":0.2829929292201996,"y":0.6620733141899109,"z":-0.2992428243160248,"w":0.6261212229728699},"size":26.33542251586914,"orthographic":true}