{"cameraMode":{"drawMode":0,"name":"Shaded","section":"Shading Mode"},"sceneLighting":true,"audioPlay":false,"sceneViewState":{"showFog":true,"showMaterialUpdate":false,"showSkybox":true,"showFlares":true,"showImageEffects":true,"showParticleSystems":true},"in2DMode":false,"pivot":{"x":-0.00000762939453125,"y":1.001308560371399,"z":30.0},"rotation":{"x":0.09530491381883621,"y":-0.35016411542892458,"z":0.0358404666185379,"w":0.9311378598213196},"size":42.93172073364258,"orthographic":true}