{"cameraMode":{"drawMode":0,"name":"Shaded","section":"Shading Mode"},"sceneLighting":true,"audioPlay":false,"sceneViewState":{"showFog":true,"showMaterialUpdate":false,"showSkybox":true,"showFlares":true,"showImageEffects":true,"showParticleSystems":true},"in2DMode":false,"pivot":{"x":7.368750095367432,"y":12.02959156036377,"z":65.64628601074219},"rotation":{"x":0.11273013055324555,"y":0.6996935606002808,"z":-0.11327419430017472,"w":0.6963403224945068},"size":82.24422454833985,"orthographic":true}