{"cameraMode":{"drawMode":0,"name":"Shaded","section":"Shading Mode"},"sceneLighting":true,"audioPlay":false,"sceneViewState":{"showFog":true,"showMaterialUpdate":false,"showSkybox":true,"showFlares":true,"showImageEffects":true,"showParticleSystems":true},"in2DMode":false,"pivot":{"x":-0.00000762939453125,"y":1.001308560371399,"z":30.0},"rotation":{"x":0.007300563156604767,"y":0.989774763584137,"z":-0.13141243159770966,"w":0.05498531460762024},"size":13.222441673278809,"orthographic":true}