{"cameraMode":{"drawMode":0,"name":"Shaded","section":"Shading Mode"},"sceneLighting":false,"audioPlay":false,"sceneViewState":{"showFog":true,"showMaterialUpdate":false,"showSkybox":true,"showFlares":true,"showImageEffects":true,"showParticleSystems":true},"in2DMode":false,"pivot":{"x":4.601861000061035,"y":-2.5852646827697756,"z":0.8254543542861939},"rotation":{"x":0.05479234829545021,"y":0.9235482215881348,"z":-0.35112130641937258,"w":0.14411909878253938},"size":26.04204559326172,"orthographic":false}